lang,base_mean,peephole_mean,delta_mean
anbn,19.8,32.2,12.400000000000002
anbmBmAn,12.2,17.4,5.199999999999999
anbncn,16.0,11.4,-4.6
